run_accession	study_accession	sample_accession	experiment_accession	tax_id	scientific_name	fastq_ftp	submitted_ftp	bam_ftp
ERR260132	PRJEB1786	SAMEA1906452	ERX234720	646099	human metagenome	ftp.sra.ebi.ac.uk/vol1/fastq/ERR260/ERR260132/ERR260132_1.fastq.gz;ftp.sra.ebi.ac.uk/vol1/fastq/ERR260/ERR260132/ERR260132_2.fastq.gz	ftp.sra.ebi.ac.uk/vol1/run/ERR260/ERR260132/NG-5636_304_1_sequence.fastq.gz;ftp.sra.ebi.ac.uk/vol1/run/ERR260/ERR260132/NG-5636_304_2_sequence.fastq.gz	
ERR260133	PRJEB1786	SAMEA1906536	ERX234721	646099	human metagenome	ftp.sra.ebi.ac.uk/vol1/fastq/ERR260/ERR260133/ERR260133_1.fastq.gz;ftp.sra.ebi.ac.uk/vol1/fastq/ERR260/ERR260133/ERR260133_2.fastq.gz	ftp.sra.ebi.ac.uk/vol1/run/ERR260/ERR260133/NG-5636_305_1_sequence.fastq.gz;ftp.sra.ebi.ac.uk/vol1/run/ERR260/ERR260133/NG-5636_305_2_sequence.fastq.gz	
ERR260136	PRJEB1786	SAMEA1906516	ERX234724	646099	human metagenome	ftp.sra.ebi.ac.uk/vol1/fastq/ERR260/ERR260136/ERR260136_1.fastq.gz;ftp.sra.ebi.ac.uk/vol1/fastq/ERR260/ERR260136/ERR260136_2.fastq.gz	ftp.sra.ebi.ac.uk/vol1/run/ERR260/ERR260136/NG-5636_327_1_sequence.fastq.gz;ftp.sra.ebi.ac.uk/vol1/run/ERR260/ERR260136/NG-5636_327_2_sequence.fastq.gz	
ERR260139	PRJEB1786	SAMEA1906465	ERX234727	646099	human metagenome	ftp.sra.ebi.ac.uk/vol1/fastq/ERR260/ERR260139/ERR260139_1.fastq.gz;ftp.sra.ebi.ac.uk/vol1/fastq/ERR260/ERR260139/ERR260139_2.fastq.gz	ftp.sra.ebi.ac.uk/vol1/run/ERR260/ERR260139/NG-5636_334_1_sequence.fastq.gz;ftp.sra.ebi.ac.uk/vol1/run/ERR260/ERR260139/NG-5636_334_2_sequence.fastq.gz	
ERR260145	PRJEB1786	SAMEA1906582	ERX234733	646099	human metagenome	ftp.sra.ebi.ac.uk/vol1/fastq/ERR260/ERR260145/ERR260145_1.fastq.gz;ftp.sra.ebi.ac.uk/vol1/fastq/ERR260/ERR260145/ERR260145_2.fastq.gz	ftp.sra.ebi.ac.uk/vol1/run/ERR260/ERR260145/NG-5636_354_1_sequence.fastq.gz;ftp.sra.ebi.ac.uk/vol1/run/ERR260/ERR260145/NG-5636_354_2_sequence.fastq.gz	
ERR260146	PRJEB1786	SAMEA1906496	ERX234734	646099	human metagenome	ftp.sra.ebi.ac.uk/vol1/fastq/ERR260/ERR260146/ERR260146_1.fastq.gz;ftp.sra.ebi.ac.uk/vol1/fastq/ERR260/ERR260146/ERR260146_2.fastq.gz	ftp.sra.ebi.ac.uk/vol1/run/ERR260/ERR260146/NG-5636_356_1_sequence.fastq.gz;ftp.sra.ebi.ac.uk/vol1/run/ERR260/ERR260146/NG-5636_356_2_sequence.fastq.gz	
ERR260149	PRJEB1786	SAMEA1906437	ERX234737	646099	human metagenome	ftp.sra.ebi.ac.uk/vol1/fastq/ERR260/ERR260149/ERR260149_1.fastq.gz;ftp.sra.ebi.ac.uk/vol1/fastq/ERR260/ERR260149/ERR260149_2.fastq.gz	ftp.sra.ebi.ac.uk/vol1/run/ERR260/ERR260149/NG-5636_370_1_sequence.fastq.gz;ftp.sra.ebi.ac.uk/vol1/run/ERR260/ERR260149/NG-5636_370_2_sequence.fastq.gz	
ERR260150	PRJEB1786	SAMEA1906419	ERX234738	646099	human metagenome	ftp.sra.ebi.ac.uk/vol1/fastq/ERR260/ERR260150/ERR260150_1.fastq.gz;ftp.sra.ebi.ac.uk/vol1/fastq/ERR260/ERR260150/ERR260150_2.fastq.gz	ftp.sra.ebi.ac.uk/vol1/run/ERR260/ERR260150/NG-5636_372_1_sequence.fastq.gz;ftp.sra.ebi.ac.uk/vol1/run/ERR260/ERR260150/NG-5636_372_2_sequence.fastq.gz	
ERR260151	PRJEB1786	SAMEA1906571	ERX234739	646099	human metagenome	ftp.sra.ebi.ac.uk/vol1/fastq/ERR260/ERR260151/ERR260151_1.fastq.gz;ftp.sra.ebi.ac.uk/vol1/fastq/ERR260/ERR260151/ERR260151_2.fastq.gz	ftp.sra.ebi.ac.uk/vol1/run/ERR260/ERR260151/NG-5636_378_1_sequence.fastq.gz;ftp.sra.ebi.ac.uk/vol1/run/ERR260/ERR260151/NG-5636_378_2_sequence.fastq.gz	
ERR260153	PRJEB1786	SAMEA1906560	ERX234741	646099	human metagenome	ftp.sra.ebi.ac.uk/vol1/fastq/ERR260/ERR260153/ERR260153_1.fastq.gz;ftp.sra.ebi.ac.uk/vol1/fastq/ERR260/ERR260153/ERR260153_2.fastq.gz	ftp.sra.ebi.ac.uk/vol1/run/ERR260/ERR260153/NG-5636_381_1_sequence.fastq.gz;ftp.sra.ebi.ac.uk/vol1/run/ERR260/ERR260153/NG-5636_381_2_sequence.fastq.gz	
ERR260155	PRJEB1786	SAMEA1906505	ERX234743	646099	human metagenome	ftp.sra.ebi.ac.uk/vol1/fastq/ERR260/ERR260155/ERR260155_1.fastq.gz;ftp.sra.ebi.ac.uk/vol1/fastq/ERR260/ERR260155/ERR260155_2.fastq.gz	ftp.sra.ebi.ac.uk/vol1/run/ERR260/ERR260155/NG-5636_389_1_sequence.fastq.gz;ftp.sra.ebi.ac.uk/vol1/run/ERR260/ERR260155/NG-5636_389_2_sequence.fastq.gz	
ERR260160	PRJEB1786	SAMEA1906423	ERX234748	646099	human metagenome	ftp.sra.ebi.ac.uk/vol1/fastq/ERR260/ERR260160/ERR260160_1.fastq.gz;ftp.sra.ebi.ac.uk/vol1/fastq/ERR260/ERR260160/ERR260160_2.fastq.gz	ftp.sra.ebi.ac.uk/vol1/run/ERR260/ERR260160/NG-5636_420_1_sequence.fastq.gz;ftp.sra.ebi.ac.uk/vol1/run/ERR260/ERR260160/NG-5636_420_2_sequence.fastq.gz	
ERR260162	PRJEB1786	SAMEA1906450	ERX234750	646099	human metagenome	ftp.sra.ebi.ac.uk/vol1/fastq/ERR260/ERR260162/ERR260162_1.fastq.gz;ftp.sra.ebi.ac.uk/vol1/fastq/ERR260/ERR260162/ERR260162_2.fastq.gz	ftp.sra.ebi.ac.uk/vol1/run/ERR260/ERR260162/NG-5636_422_1_sequence.fastq.gz;ftp.sra.ebi.ac.uk/vol1/run/ERR260/ERR260162/NG-5636_422_2_sequence.fastq.gz	
ERR260164	PRJEB1786	SAMEA1906537	ERX234752	646099	human metagenome	ftp.sra.ebi.ac.uk/vol1/fastq/ERR260/ERR260164/ERR260164_1.fastq.gz;ftp.sra.ebi.ac.uk/vol1/fastq/ERR260/ERR260164/ERR260164_2.fastq.gz	ftp.sra.ebi.ac.uk/vol1/run/ERR260/ERR260164/NG-5636_432_1_sequence.fastq.gz;ftp.sra.ebi.ac.uk/vol1/run/ERR260/ERR260164/NG-5636_432_2_sequence.fastq.gz	
ERR260169	PRJEB1786	SAMEA1906421	ERX234757	646099	human metagenome	ftp.sra.ebi.ac.uk/vol1/fastq/ERR260/ERR260169/ERR260169_1.fastq.gz;ftp.sra.ebi.ac.uk/vol1/fastq/ERR260/ERR260169/ERR260169_2.fastq.gz	ftp.sra.ebi.ac.uk/vol1/run/ERR260/ERR260169/NG-5636_446_1_sequence.fastq.gz;ftp.sra.ebi.ac.uk/vol1/run/ERR260/ERR260169/NG-5636_446_2_sequence.fastq.gz	
ERR260172	PRJEB1786	SAMEA1906547	ERX234760	646099	human metagenome	ftp.sra.ebi.ac.uk/vol1/fastq/ERR260/ERR260172/ERR260172_1.fastq.gz;ftp.sra.ebi.ac.uk/vol1/fastq/ERR260/ERR260172/ERR260172_2.fastq.gz	ftp.sra.ebi.ac.uk/vol1/run/ERR260/ERR260172/NG-5636_457_read_1.fastq.gz;ftp.sra.ebi.ac.uk/vol1/run/ERR260/ERR260172/NG-5636_457_read_2.fastq.gz	
ERR260175	PRJEB1786	SAMEA1906522	ERX234763	646099	human metagenome	ftp.sra.ebi.ac.uk/vol1/fastq/ERR260/ERR260175/ERR260175_1.fastq.gz;ftp.sra.ebi.ac.uk/vol1/fastq/ERR260/ERR260175/ERR260175_2.fastq.gz	ftp.sra.ebi.ac.uk/vol1/run/ERR260/ERR260175/NG-5636_463_read_1.fastq.gz;ftp.sra.ebi.ac.uk/vol1/run/ERR260/ERR260175/NG-5636_463_read_2.fastq.gz	
ERR260178	PRJEB1786	SAMEA1906553	ERX234766	646099	human metagenome	ftp.sra.ebi.ac.uk/vol1/fastq/ERR260/ERR260178/ERR260178_1.fastq.gz;ftp.sra.ebi.ac.uk/vol1/fastq/ERR260/ERR260178/ERR260178_2.fastq.gz	ftp.sra.ebi.ac.uk/vol1/run/ERR260/ERR260178/NG-5636_476_read_1.fastq.gz;ftp.sra.ebi.ac.uk/vol1/run/ERR260/ERR260178/NG-5636_476_read_2.fastq.gz	
ERR260179	PRJEB1786	SAMEA1906442	ERX234767	646099	human metagenome	ftp.sra.ebi.ac.uk/vol1/fastq/ERR260/ERR260179/ERR260179_1.fastq.gz;ftp.sra.ebi.ac.uk/vol1/fastq/ERR260/ERR260179/ERR260179_2.fastq.gz	ftp.sra.ebi.ac.uk/vol1/run/ERR260/ERR260179/NG-5636_478_read_1.fastq.gz;ftp.sra.ebi.ac.uk/vol1/run/ERR260/ERR260179/NG-5636_478_read_2.fastq.gz	
ERR260180	PRJEB1786	SAMEA1906431	ERX234768	646099	human metagenome	ftp.sra.ebi.ac.uk/vol1/fastq/ERR260/ERR260180/ERR260180_1.fastq.gz;ftp.sra.ebi.ac.uk/vol1/fastq/ERR260/ERR260180/ERR260180_2.fastq.gz	ftp.sra.ebi.ac.uk/vol1/run/ERR260/ERR260180/NG-5636_479_1_sequence.fastq.gz;ftp.sra.ebi.ac.uk/vol1/run/ERR260/ERR260180/NG-5636_479_2_sequence.fastq.gz	
ERR260182	PRJEB1786	SAMEA1906455	ERX234770	646099	human metagenome	ftp.sra.ebi.ac.uk/vol1/fastq/ERR260/ERR260182/ERR260182_1.fastq.gz;ftp.sra.ebi.ac.uk/vol1/fastq/ERR260/ERR260182/ERR260182_2.fastq.gz	ftp.sra.ebi.ac.uk/vol1/run/ERR260/ERR260182/NG-5636_484_1_sequence.fastq.gz;ftp.sra.ebi.ac.uk/vol1/run/ERR260/ERR260182/NG-5636_484_2_sequence.fastq.gz	
ERR260184	PRJEB1786	SAMEA1906498	ERX234772	646099	human metagenome	ftp.sra.ebi.ac.uk/vol1/fastq/ERR260/ERR260184/ERR260184_1.fastq.gz;ftp.sra.ebi.ac.uk/vol1/fastq/ERR260/ERR260184/ERR260184_2.fastq.gz	ftp.sra.ebi.ac.uk/vol1/run/ERR260/ERR260184/NG-5636_488_1_sequence.fastq.gz;ftp.sra.ebi.ac.uk/vol1/run/ERR260/ERR260184/NG-5636_488_2_sequence.fastq.gz	
ERR260186	PRJEB1786	SAMEA1906495	ERX234774	646099	human metagenome	ftp.sra.ebi.ac.uk/vol1/fastq/ERR260/ERR260186/ERR260186_1.fastq.gz;ftp.sra.ebi.ac.uk/vol1/fastq/ERR260/ERR260186/ERR260186_2.fastq.gz	ftp.sra.ebi.ac.uk/vol1/run/ERR260/ERR260186/NG-5636_497_1_sequence.fastq.gz;ftp.sra.ebi.ac.uk/vol1/run/ERR260/ERR260186/NG-5636_497_2_sequence.fastq.gz	
ERR260190	PRJEB1786	SAMEA1906422	ERX234778	646099	human metagenome	ftp.sra.ebi.ac.uk/vol1/fastq/ERR260/ERR260190/ERR260190_1.fastq.gz;ftp.sra.ebi.ac.uk/vol1/fastq/ERR260/ERR260190/ERR260190_2.fastq.gz	ftp.sra.ebi.ac.uk/vol1/run/ERR260/ERR260190/NG-5636_526_1_sequence.fastq.gz;ftp.sra.ebi.ac.uk/vol1/run/ERR260/ERR260190/NG-5636_526_2_sequence.fastq.gz	
ERR260196	PRJEB1786	SAMEA1906426	ERX234784	646099	human metagenome	ftp.sra.ebi.ac.uk/vol1/fastq/ERR260/ERR260196/ERR260196_1.fastq.gz;ftp.sra.ebi.ac.uk/vol1/fastq/ERR260/ERR260196/ERR260196_2.fastq.gz	ftp.sra.ebi.ac.uk/vol1/run/ERR260/ERR260196/NG-5636_543_1_sequence.fastq.gz;ftp.sra.ebi.ac.uk/vol1/run/ERR260/ERR260196/NG-5636_543_2_sequence.fastq.gz	
ERR260197	PRJEB1786	SAMEA1906440	ERX234785	646099	human metagenome	ftp.sra.ebi.ac.uk/vol1/fastq/ERR260/ERR260197/ERR260197_1.fastq.gz;ftp.sra.ebi.ac.uk/vol1/fastq/ERR260/ERR260197/ERR260197_2.fastq.gz	ftp.sra.ebi.ac.uk/vol1/run/ERR260/ERR260197/NG-5636_547_1_sequence.fastq.gz;ftp.sra.ebi.ac.uk/vol1/run/ERR260/ERR260197/NG-5636_547_2_sequence.fastq.gz	
ERR260200	PRJEB1786	SAMEA1906577	ERX234788	646099	human metagenome	ftp.sra.ebi.ac.uk/vol1/fastq/ERR260/ERR260200/ERR260200_1.fastq.gz;ftp.sra.ebi.ac.uk/vol1/fastq/ERR260/ERR260200/ERR260200_2.fastq.gz	ftp.sra.ebi.ac.uk/vol1/run/ERR260/ERR260200/NG-5636_558_1_sequence.fastq.gz;ftp.sra.ebi.ac.uk/vol1/run/ERR260/ERR260200/NG-5636_558_2_sequence.fastq.gz	
ERR260208	PRJEB1786	SAMEA1906462	ERX234796	646099	human metagenome	ftp.sra.ebi.ac.uk/vol1/fastq/ERR260/ERR260208/ERR260208_1.fastq.gz;ftp.sra.ebi.ac.uk/vol1/fastq/ERR260/ERR260208/ERR260208_2.fastq.gz	ftp.sra.ebi.ac.uk/vol1/run/ERR260/ERR260208/NG-5636_591_1_sequence.fastq.gz;ftp.sra.ebi.ac.uk/vol1/run/ERR260/ERR260208/NG-5636_591_2_sequence.fastq.gz	
ERR260211	PRJEB1786	SAMEA1906501	ERX234799	646099	human metagenome	ftp.sra.ebi.ac.uk/vol1/fastq/ERR260/ERR260211/ERR260211_1.fastq.gz;ftp.sra.ebi.ac.uk/vol1/fastq/ERR260/ERR260211/ERR260211_2.fastq.gz	ftp.sra.ebi.ac.uk/vol1/run/ERR260/ERR260211/NG-5636_600_1_sequence.fastq.gz;ftp.sra.ebi.ac.uk/vol1/run/ERR260/ERR260211/NG-5636_600_2_sequence.fastq.gz	
ERR260215	PRJEB1786	SAMEA1906432	ERX234803	646099	human metagenome	ftp.sra.ebi.ac.uk/vol1/fastq/ERR260/ERR260215/ERR260215_1.fastq.gz;ftp.sra.ebi.ac.uk/vol1/fastq/ERR260/ERR260215/ERR260215_2.fastq.gz	ftp.sra.ebi.ac.uk/vol1/run/ERR260/ERR260215/NG-5636_614_1_sequence.fastq.gz;ftp.sra.ebi.ac.uk/vol1/run/ERR260/ERR260215/NG-5636_614_2_sequence.fastq.gz	
ERR260217	PRJEB1786	SAMEA1906420	ERX234805	646099	human metagenome	ftp.sra.ebi.ac.uk/vol1/fastq/ERR260/ERR260217/ERR260217_1.fastq.gz;ftp.sra.ebi.ac.uk/vol1/fastq/ERR260/ERR260217/ERR260217_2.fastq.gz	ftp.sra.ebi.ac.uk/vol1/run/ERR260/ERR260217/NG-5636_618_1_sequence.fastq.gz;ftp.sra.ebi.ac.uk/vol1/run/ERR260/ERR260217/NG-5636_618_2_sequence.fastq.gz	
ERR260218	PRJEB1786	SAMEA1906556	ERX234806	646099	human metagenome	ftp.sra.ebi.ac.uk/vol1/fastq/ERR260/ERR260218/ERR260218_1.fastq.gz;ftp.sra.ebi.ac.uk/vol1/fastq/ERR260/ERR260218/ERR260218_2.fastq.gz	ftp.sra.ebi.ac.uk/vol1/run/ERR260/ERR260218/NG-5636_628_1_sequence.fastq.gz;ftp.sra.ebi.ac.uk/vol1/run/ERR260/ERR260218/NG-5636_628_2_sequence.fastq.gz	
ERR260220	PRJEB1786	SAMEA1906510	ERX234808	646099	human metagenome	ftp.sra.ebi.ac.uk/vol1/fastq/ERR260/ERR260220/ERR260220_1.fastq.gz;ftp.sra.ebi.ac.uk/vol1/fastq/ERR260/ERR260220/ERR260220_2.fastq.gz	ftp.sra.ebi.ac.uk/vol1/run/ERR260/ERR260220/NG-5636_640_1_sequence.fastq.gz;ftp.sra.ebi.ac.uk/vol1/run/ERR260/ERR260220/NG-5636_640_2_sequence.fastq.gz	
ERR260222	PRJEB1786	SAMEA1906544	ERX234810	646099	human metagenome	ftp.sra.ebi.ac.uk/vol1/fastq/ERR260/ERR260222/ERR260222_1.fastq.gz;ftp.sra.ebi.ac.uk/vol1/fastq/ERR260/ERR260222/ERR260222_2.fastq.gz	ftp.sra.ebi.ac.uk/vol1/run/ERR260/ERR260222/NG-5636_646_1_sequence.fastq.gz;ftp.sra.ebi.ac.uk/vol1/run/ERR260/ERR260222/NG-5636_646_2_sequence.fastq.gz	
ERR260223	PRJEB1786	SAMEA1906464	ERX234811	646099	human metagenome	ftp.sra.ebi.ac.uk/vol1/fastq/ERR260/ERR260223/ERR260223_1.fastq.gz;ftp.sra.ebi.ac.uk/vol1/fastq/ERR260/ERR260223/ERR260223_2.fastq.gz	ftp.sra.ebi.ac.uk/vol1/run/ERR260/ERR260223/NG-5636_655_1_sequence.fastq.gz;ftp.sra.ebi.ac.uk/vol1/run/ERR260/ERR260223/NG-5636_655_2_sequence.fastq.gz	
ERR260226	PRJEB1786	SAMEA1906569	ERX234814	646099	human metagenome	ftp.sra.ebi.ac.uk/vol1/fastq/ERR260/ERR260226/ERR260226_1.fastq.gz;ftp.sra.ebi.ac.uk/vol1/fastq/ERR260/ERR260226/ERR260226_2.fastq.gz	ftp.sra.ebi.ac.uk/vol1/run/ERR260/ERR260226/NG-5636_88_1_sequence.fastq.gz;ftp.sra.ebi.ac.uk/vol1/run/ERR260/ERR260226/NG-5636_88_2_sequence.fastq.gz	
ERR260228	PRJEB1786	SAMEA1906526	ERX234816	646099	human metagenome	ftp.sra.ebi.ac.uk/vol1/fastq/ERR260/ERR260228/ERR260228_1.fastq.gz;ftp.sra.ebi.ac.uk/vol1/fastq/ERR260/ERR260228/ERR260228_2.fastq.gz	ftp.sra.ebi.ac.uk/vol1/run/ERR260/ERR260228/NG-5636_200_1_sequence.fastq.gz;ftp.sra.ebi.ac.uk/vol1/run/ERR260/ERR260228/NG-5636_200_2_sequence.fastq.gz	
ERR260229	PRJEB1786	SAMEA1906543	ERX234817	646099	human metagenome	ftp.sra.ebi.ac.uk/vol1/fastq/ERR260/ERR260229/ERR260229_1.fastq.gz;ftp.sra.ebi.ac.uk/vol1/fastq/ERR260/ERR260229/ERR260229_2.fastq.gz	ftp.sra.ebi.ac.uk/vol1/run/ERR260/ERR260229/NG-5636_205_1_sequence.fastq.gz;ftp.sra.ebi.ac.uk/vol1/run/ERR260/ERR260229/NG-5636_205_2_sequence.fastq.gz	
ERR260232	PRJEB1786	SAMEA1906415	ERX234820	646099	human metagenome	ftp.sra.ebi.ac.uk/vol1/fastq/ERR260/ERR260232/ERR260232_1.fastq.gz;ftp.sra.ebi.ac.uk/vol1/fastq/ERR260/ERR260232/ERR260232_2.fastq.gz	ftp.sra.ebi.ac.uk/vol1/run/ERR260/ERR260232/NG-5636_227_1_sequence.fastq.gz;ftp.sra.ebi.ac.uk/vol1/run/ERR260/ERR260232/NG-5636_227_2_sequence.fastq.gz	
ERR260234	PRJEB1786	SAMEA1906448	ERX234822	646099	human metagenome	ftp.sra.ebi.ac.uk/vol1/fastq/ERR260/ERR260234/ERR260234_1.fastq.gz;ftp.sra.ebi.ac.uk/vol1/fastq/ERR260/ERR260234/ERR260234_2.fastq.gz	ftp.sra.ebi.ac.uk/vol1/run/ERR260/ERR260234/NG-5636_231_1_sequence.fastq.gz;ftp.sra.ebi.ac.uk/vol1/run/ERR260/ERR260234/NG-5636_231_2_sequence.fastq.gz	
ERR260241	PRJEB1786	SAMEA1906472	ERX234829	646099	human metagenome	ftp.sra.ebi.ac.uk/vol1/fastq/ERR260/ERR260241/ERR260241_1.fastq.gz;ftp.sra.ebi.ac.uk/vol1/fastq/ERR260/ERR260241/ERR260241_2.fastq.gz	ftp.sra.ebi.ac.uk/vol1/run/ERR260/ERR260241/NG-5636_263_1_sequence.fastq.gz;ftp.sra.ebi.ac.uk/vol1/run/ERR260/ERR260241/NG-5636_263_2_sequence.fastq.gz	
ERR260244	PRJEB1786	SAMEA1906438	ERX234832	646099	human metagenome	ftp.sra.ebi.ac.uk/vol1/fastq/ERR260/ERR260244/ERR260244_1.fastq.gz;ftp.sra.ebi.ac.uk/vol1/fastq/ERR260/ERR260244/ERR260244_2.fastq.gz	ftp.sra.ebi.ac.uk/vol1/run/ERR260/ERR260244/NG-5636_269_1_sequence.fastq.gz;ftp.sra.ebi.ac.uk/vol1/run/ERR260/ERR260244/NG-5636_269_2_sequence.fastq.gz	
ERR260245	PRJEB1786	SAMEA1906581	ERX234833	646099	human metagenome	ftp.sra.ebi.ac.uk/vol1/fastq/ERR260/ERR260245/ERR260245_1.fastq.gz;ftp.sra.ebi.ac.uk/vol1/fastq/ERR260/ERR260245/ERR260245_2.fastq.gz	ftp.sra.ebi.ac.uk/vol1/run/ERR260/ERR260245/NG-5636_278_1_sequence.fastq.gz;ftp.sra.ebi.ac.uk/vol1/run/ERR260/ERR260245/NG-5636_278_2_sequence.fastq.gz	
ERR260246	PRJEB1786	SAMEA1906550	ERX234834	646099	human metagenome	ftp.sra.ebi.ac.uk/vol1/fastq/ERR260/ERR260246/ERR260246_1.fastq.gz;ftp.sra.ebi.ac.uk/vol1/fastq/ERR260/ERR260246/ERR260246_2.fastq.gz	ftp.sra.ebi.ac.uk/vol1/run/ERR260/ERR260246/NG-5636_288_1_sequence.fastq.gz;ftp.sra.ebi.ac.uk/vol1/run/ERR260/ERR260246/NG-5636_288_2_sequence.fastq.gz	
ERR260248	PRJEB1786	SAMEA1906429	ERX234836	646099	human metagenome	ftp.sra.ebi.ac.uk/vol1/fastq/ERR260/ERR260248/ERR260248_1.fastq.gz;ftp.sra.ebi.ac.uk/vol1/fastq/ERR260/ERR260248/ERR260248_2.fastq.gz	ftp.sra.ebi.ac.uk/vol1/run/ERR260/ERR260248/NG-5636_299_1_sequence.fastq.gz;ftp.sra.ebi.ac.uk/vol1/run/ERR260/ERR260248/NG-5636_299_2_sequence.fastq.gz	
ERR260250	PRJEB1786	SAMEA1906463	ERX234838	646099	human metagenome	ftp.sra.ebi.ac.uk/vol1/fastq/ERR260/ERR260250/ERR260250_1.fastq.gz;ftp.sra.ebi.ac.uk/vol1/fastq/ERR260/ERR260250/ERR260250_2.fastq.gz	ftp.sra.ebi.ac.uk/vol1/run/ERR260/ERR260250/NG-5636_118_1_sequence.fastq.gz;ftp.sra.ebi.ac.uk/vol1/run/ERR260/ERR260250/NG-5636_118_2_sequence.fastq.gz	
ERR260251	PRJEB1786	SAMEA1906460	ERX234839	646099	human metagenome	ftp.sra.ebi.ac.uk/vol1/fastq/ERR260/ERR260251/ERR260251_1.fastq.gz;ftp.sra.ebi.ac.uk/vol1/fastq/ERR260/ERR260251/ERR260251_2.fastq.gz	ftp.sra.ebi.ac.uk/vol1/run/ERR260/ERR260251/NG-5636_121_1_sequence.fastq.gz;ftp.sra.ebi.ac.uk/vol1/run/ERR260/ERR260251/NG-5636_121_2_sequence.fastq.gz	
ERR260258	PRJEB1786	SAMEA1906486	ERX234846	646099	human metagenome	ftp.sra.ebi.ac.uk/vol1/fastq/ERR260/ERR260258/ERR260258_1.fastq.gz;ftp.sra.ebi.ac.uk/vol1/fastq/ERR260/ERR260258/ERR260258_2.fastq.gz	ftp.sra.ebi.ac.uk/vol1/run/ERR260/ERR260258/NG-5636_146_1_sequence.fastq.gz;ftp.sra.ebi.ac.uk/vol1/run/ERR260/ERR260258/NG-5636_146_2_sequence.fastq.gz	
ERR260269	PRJEB1786	SAMEA1906494	ERX234857	646099	human metagenome	ftp.sra.ebi.ac.uk/vol1/fastq/ERR260/ERR260269/ERR260269_1.fastq.gz;ftp.sra.ebi.ac.uk/vol1/fastq/ERR260/ERR260269/ERR260269_2.fastq.gz	ftp.sra.ebi.ac.uk/vol1/run/ERR260/ERR260269/NG-5425_249_1_sequence.fastq.gz;ftp.sra.ebi.ac.uk/vol1/run/ERR260/ERR260269/NG-5425_249_2_sequence.fastq.gz	
ERR260271	PRJEB1786	SAMEA1906445	ERX234859	646099	human metagenome	ftp.sra.ebi.ac.uk/vol1/fastq/ERR260/ERR260271/ERR260271_1.fastq.gz;ftp.sra.ebi.ac.uk/vol1/fastq/ERR260/ERR260271/ERR260271_2.fastq.gz	ftp.sra.ebi.ac.uk/vol1/run/ERR260/ERR260271/NG-5425_297_1_sequence.fastq.gz;ftp.sra.ebi.ac.uk/vol1/run/ERR260/ERR260271/NG-5425_297_2_sequence.fastq.gz	
ERR260272	PRJEB1786	SAMEA1906562	ERX234860	646099	human metagenome	ftp.sra.ebi.ac.uk/vol1/fastq/ERR260/ERR260272/ERR260272_1.fastq.gz;ftp.sra.ebi.ac.uk/vol1/fastq/ERR260/ERR260272/ERR260272_2.fastq.gz	ftp.sra.ebi.ac.uk/vol1/run/ERR260/ERR260272/NG-5425_342_1_sequence.fastq.gz;ftp.sra.ebi.ac.uk/vol1/run/ERR260/ERR260272/NG-5425_342_2_sequence.fastq.gz	
ERR260273	PRJEB1786	SAMEA1906549	ERX234861	646099	human metagenome	ftp.sra.ebi.ac.uk/vol1/fastq/ERR260/ERR260273/ERR260273_1.fastq.gz;ftp.sra.ebi.ac.uk/vol1/fastq/ERR260/ERR260273/ERR260273_2.fastq.gz	ftp.sra.ebi.ac.uk/vol1/run/ERR260/ERR260273/NG-5425_470_1_sequence.fastq.gz;ftp.sra.ebi.ac.uk/vol1/run/ERR260/ERR260273/NG-5425_470_2_sequence.fastq.gz	
ERR260274	PRJEB1786	SAMEA1906566	ERX234862	646099	human metagenome	ftp.sra.ebi.ac.uk/vol1/fastq/ERR260/ERR260274/ERR260274_1.fastq.gz;ftp.sra.ebi.ac.uk/vol1/fastq/ERR260/ERR260274/ERR260274_2.fastq.gz	ftp.sra.ebi.ac.uk/vol1/run/ERR260/ERR260274/NG-5425_475_1_sequence.fastq.gz;ftp.sra.ebi.ac.uk/vol1/run/ERR260/ERR260274/NG-5425_475_2_sequence.fastq.gz	
ERR260135	PRJEB1786	SAMEA1906527	ERX234723	646099	human metagenome	ftp.sra.ebi.ac.uk/vol1/fastq/ERR260/ERR260135/ERR260135_1.fastq.gz;ftp.sra.ebi.ac.uk/vol1/fastq/ERR260/ERR260135/ERR260135_2.fastq.gz	ftp.sra.ebi.ac.uk/vol1/run/ERR260/ERR260135/NG-5636_317_new_read_1.fastq.gz;ftp.sra.ebi.ac.uk/vol1/run/ERR260/ERR260135/NG-5636_317_new_read_2.fastq.gz	
ERR260140	PRJEB1786	SAMEA1906489	ERX234728	646099	human metagenome	ftp.sra.ebi.ac.uk/vol1/fastq/ERR260/ERR260140/ERR260140_1.fastq.gz;ftp.sra.ebi.ac.uk/vol1/fastq/ERR260/ERR260140/ERR260140_2.fastq.gz	ftp.sra.ebi.ac.uk/vol1/run/ERR260/ERR260140/NG-5636_344_1_sequence.fastq.gz;ftp.sra.ebi.ac.uk/vol1/run/ERR260/ERR260140/NG-5636_344_2_sequence.fastq.gz	
ERR260142	PRJEB1786	SAMEA1906416	ERX234730	646099	human metagenome	ftp.sra.ebi.ac.uk/vol1/fastq/ERR260/ERR260142/ERR260142_1.fastq.gz;ftp.sra.ebi.ac.uk/vol1/fastq/ERR260/ERR260142/ERR260142_2.fastq.gz	ftp.sra.ebi.ac.uk/vol1/run/ERR260/ERR260142/NG-5636_349_1_sequence.fastq.gz;ftp.sra.ebi.ac.uk/vol1/run/ERR260/ERR260142/NG-5636_349_2_sequence.fastq.gz	
ERR260143	PRJEB1786	SAMEA1906434	ERX234731	646099	human metagenome	ftp.sra.ebi.ac.uk/vol1/fastq/ERR260/ERR260143/ERR260143_1.fastq.gz;ftp.sra.ebi.ac.uk/vol1/fastq/ERR260/ERR260143/ERR260143_2.fastq.gz	ftp.sra.ebi.ac.uk/vol1/run/ERR260/ERR260143/NG-5636_350_1_sequence.fastq.gz;ftp.sra.ebi.ac.uk/vol1/run/ERR260/ERR260143/NG-5636_350_2_sequence.fastq.gz	
ERR260144	PRJEB1786	SAMEA1906558	ERX234732	646099	human metagenome	ftp.sra.ebi.ac.uk/vol1/fastq/ERR260/ERR260144/ERR260144_1.fastq.gz;ftp.sra.ebi.ac.uk/vol1/fastq/ERR260/ERR260144/ERR260144_2.fastq.gz	ftp.sra.ebi.ac.uk/vol1/run/ERR260/ERR260144/NG-5636_353_1_sequence.fastq.gz;ftp.sra.ebi.ac.uk/vol1/run/ERR260/ERR260144/NG-5636_353_2_sequence.fastq.gz	
ERR260148	PRJEB1786	SAMEA1906457	ERX234736	646099	human metagenome	ftp.sra.ebi.ac.uk/vol1/fastq/ERR260/ERR260148/ERR260148_1.fastq.gz;ftp.sra.ebi.ac.uk/vol1/fastq/ERR260/ERR260148/ERR260148_2.fastq.gz	ftp.sra.ebi.ac.uk/vol1/run/ERR260/ERR260148/NG-5636_367_1_sequence.fastq.gz;ftp.sra.ebi.ac.uk/vol1/run/ERR260/ERR260148/NG-5636_367_2_sequence.fastq.gz	
ERR260152	PRJEB1786	SAMEA1906580	ERX234740	646099	human metagenome	ftp.sra.ebi.ac.uk/vol1/fastq/ERR260/ERR260152/ERR260152_1.fastq.gz;ftp.sra.ebi.ac.uk/vol1/fastq/ERR260/ERR260152/ERR260152_2.fastq.gz	ftp.sra.ebi.ac.uk/vol1/run/ERR260/ERR260152/NG-5636_380_1_sequence.fastq.gz;ftp.sra.ebi.ac.uk/vol1/run/ERR260/ERR260152/NG-5636_380_2_sequence.fastq.gz	
ERR260154	PRJEB1786	SAMEA1906541	ERX234742	646099	human metagenome	ftp.sra.ebi.ac.uk/vol1/fastq/ERR260/ERR260154/ERR260154_1.fastq.gz;ftp.sra.ebi.ac.uk/vol1/fastq/ERR260/ERR260154/ERR260154_2.fastq.gz	ftp.sra.ebi.ac.uk/vol1/run/ERR260/ERR260154/NG-5636_384_1_sequence.fastq.gz;ftp.sra.ebi.ac.uk/vol1/run/ERR260/ERR260154/NG-5636_384_2_sequence.fastq.gz	
ERR260157	PRJEB1786	SAMEA1906578	ERX234745	646099	human metagenome	ftp.sra.ebi.ac.uk/vol1/fastq/ERR260/ERR260157/ERR260157_1.fastq.gz;ftp.sra.ebi.ac.uk/vol1/fastq/ERR260/ERR260157/ERR260157_2.fastq.gz	ftp.sra.ebi.ac.uk/vol1/run/ERR260/ERR260157/NG-5636_395_1_sequence.fastq.gz;ftp.sra.ebi.ac.uk/vol1/run/ERR260/ERR260157/NG-5636_395_2_sequence.fastq.gz	
ERR260165	PRJEB1786	SAMEA1906512	ERX234753	646099	human metagenome	ftp.sra.ebi.ac.uk/vol1/fastq/ERR260/ERR260165/ERR260165_1.fastq.gz;ftp.sra.ebi.ac.uk/vol1/fastq/ERR260/ERR260165/ERR260165_2.fastq.gz	ftp.sra.ebi.ac.uk/vol1/run/ERR260/ERR260165/NG-5636_434_1_sequence.fastq.gz;ftp.sra.ebi.ac.uk/vol1/run/ERR260/ERR260165/NG-5636_434_2_sequence.fastq.gz	
ERR260168	PRJEB1786	SAMEA1906480	ERX234756	646099	human metagenome	ftp.sra.ebi.ac.uk/vol1/fastq/ERR260/ERR260168/ERR260168_1.fastq.gz;ftp.sra.ebi.ac.uk/vol1/fastq/ERR260/ERR260168/ERR260168_2.fastq.gz	ftp.sra.ebi.ac.uk/vol1/run/ERR260/ERR260168/NG-5636_441_1_sequence.fastq.gz;ftp.sra.ebi.ac.uk/vol1/run/ERR260/ERR260168/NG-5636_441_2_sequence.fastq.gz	
ERR260174	PRJEB1786	SAMEA1906540	ERX234762	646099	human metagenome	ftp.sra.ebi.ac.uk/vol1/fastq/ERR260/ERR260174/ERR260174_1.fastq.gz;ftp.sra.ebi.ac.uk/vol1/fastq/ERR260/ERR260174/ERR260174_2.fastq.gz	ftp.sra.ebi.ac.uk/vol1/run/ERR260/ERR260174/NG-5636_462_read_1.fastq.gz;ftp.sra.ebi.ac.uk/vol1/run/ERR260/ERR260174/NG-5636_462_read_2.fastq.gz	
ERR260177	PRJEB1786	SAMEA1906559	ERX234765	646099	human metagenome	ftp.sra.ebi.ac.uk/vol1/fastq/ERR260/ERR260177/ERR260177_1.fastq.gz;ftp.sra.ebi.ac.uk/vol1/fastq/ERR260/ERR260177/ERR260177_2.fastq.gz	ftp.sra.ebi.ac.uk/vol1/run/ERR260/ERR260177/NG-5636_472_read_1.fastq.gz;ftp.sra.ebi.ac.uk/vol1/run/ERR260/ERR260177/NG-5636_472_read_2.fastq.gz	
ERR260181	PRJEB1786	SAMEA1906479	ERX234769	646099	human metagenome	ftp.sra.ebi.ac.uk/vol1/fastq/ERR260/ERR260181/ERR260181_1.fastq.gz;ftp.sra.ebi.ac.uk/vol1/fastq/ERR260/ERR260181/ERR260181_2.fastq.gz	ftp.sra.ebi.ac.uk/vol1/run/ERR260/ERR260181/NG-5636_483_1_sequence.fastq.gz;ftp.sra.ebi.ac.uk/vol1/run/ERR260/ERR260181/NG-5636_483_2_sequence.fastq.gz	
ERR260185	PRJEB1786	SAMEA1906523	ERX234773	646099	human metagenome	ftp.sra.ebi.ac.uk/vol1/fastq/ERR260/ERR260185/ERR260185_1.fastq.gz;ftp.sra.ebi.ac.uk/vol1/fastq/ERR260/ERR260185/ERR260185_2.fastq.gz	ftp.sra.ebi.ac.uk/vol1/run/ERR260/ERR260185/NG-5636_495_1_sequence.fastq.gz;ftp.sra.ebi.ac.uk/vol1/run/ERR260/ERR260185/NG-5636_495_2_sequence.fastq.gz	
ERR260187	PRJEB1786	SAMEA1906468	ERX234775	646099	human metagenome	ftp.sra.ebi.ac.uk/vol1/fastq/ERR260/ERR260187/ERR260187_1.fastq.gz;ftp.sra.ebi.ac.uk/vol1/fastq/ERR260/ERR260187/ERR260187_2.fastq.gz	ftp.sra.ebi.ac.uk/vol1/run/ERR260/ERR260187/NG-5636_51_1_sequence.fastq.gz;ftp.sra.ebi.ac.uk/vol1/run/ERR260/ERR260187/NG-5636_51_2_sequence.fastq.gz	
ERR260188	PRJEB1786	SAMEA1906444	ERX234776	646099	human metagenome	ftp.sra.ebi.ac.uk/vol1/fastq/ERR260/ERR260188/ERR260188_1.fastq.gz;ftp.sra.ebi.ac.uk/vol1/fastq/ERR260/ERR260188/ERR260188_2.fastq.gz	ftp.sra.ebi.ac.uk/vol1/run/ERR260/ERR260188/NG-5636_517_1_sequence.fastq.gz;ftp.sra.ebi.ac.uk/vol1/run/ERR260/ERR260188/NG-5636_517_2_sequence.fastq.gz	
ERR260189	PRJEB1786	SAMEA1906436	ERX234777	646099	human metagenome	ftp.sra.ebi.ac.uk/vol1/fastq/ERR260/ERR260189/ERR260189_1.fastq.gz;ftp.sra.ebi.ac.uk/vol1/fastq/ERR260/ERR260189/ERR260189_2.fastq.gz	ftp.sra.ebi.ac.uk/vol1/run/ERR260/ERR260189/NG-5636_524_1_sequence.fastq.gz;ftp.sra.ebi.ac.uk/vol1/run/ERR260/ERR260189/NG-5636_524_2_sequence.fastq.gz	
ERR260191	PRJEB1786	SAMEA1906574	ERX234779	646099	human metagenome	ftp.sra.ebi.ac.uk/vol1/fastq/ERR260/ERR260191/ERR260191_1.fastq.gz;ftp.sra.ebi.ac.uk/vol1/fastq/ERR260/ERR260191/ERR260191_2.fastq.gz	ftp.sra.ebi.ac.uk/vol1/run/ERR260/ERR260191/NG-5636_529_1_sequence.fastq.gz;ftp.sra.ebi.ac.uk/vol1/run/ERR260/ERR260191/NG-5636_529_2_sequence.fastq.gz	
ERR260193	PRJEB1786	SAMEA1906539	ERX234781	646099	human metagenome	ftp.sra.ebi.ac.uk/vol1/fastq/ERR260/ERR260193/ERR260193_1.fastq.gz;ftp.sra.ebi.ac.uk/vol1/fastq/ERR260/ERR260193/ERR260193_2.fastq.gz	ftp.sra.ebi.ac.uk/vol1/run/ERR260/ERR260193/NG-5636_53_1_sequence.fastq.gz;ftp.sra.ebi.ac.uk/vol1/run/ERR260/ERR260193/NG-5636_53_2_sequence.fastq.gz	
ERR260195	PRJEB1786	SAMEA1906477	ERX234783	646099	human metagenome	ftp.sra.ebi.ac.uk/vol1/fastq/ERR260/ERR260195/ERR260195_1.fastq.gz;ftp.sra.ebi.ac.uk/vol1/fastq/ERR260/ERR260195/ERR260195_2.fastq.gz	ftp.sra.ebi.ac.uk/vol1/run/ERR260/ERR260195/NG-5636_54_1_sequence.fastq.gz;ftp.sra.ebi.ac.uk/vol1/run/ERR260/ERR260195/NG-5636_54_2_sequence.fastq.gz	
ERR260198	PRJEB1786	SAMEA1906548	ERX234786	646099	human metagenome	ftp.sra.ebi.ac.uk/vol1/fastq/ERR260/ERR260198/ERR260198_1.fastq.gz;ftp.sra.ebi.ac.uk/vol1/fastq/ERR260/ERR260198/ERR260198_2.fastq.gz	ftp.sra.ebi.ac.uk/vol1/run/ERR260/ERR260198/NG-5636_551_1_sequence.fastq.gz;ftp.sra.ebi.ac.uk/vol1/run/ERR260/ERR260198/NG-5636_551_2_sequence.fastq.gz	
ERR260201	PRJEB1786	SAMEA1906514	ERX234789	646099	human metagenome	ftp.sra.ebi.ac.uk/vol1/fastq/ERR260/ERR260201/ERR260201_1.fastq.gz;ftp.sra.ebi.ac.uk/vol1/fastq/ERR260/ERR260201/ERR260201_2.fastq.gz	ftp.sra.ebi.ac.uk/vol1/run/ERR260/ERR260201/NG-5636_561_1_sequence.fastq.gz;ftp.sra.ebi.ac.uk/vol1/run/ERR260/ERR260201/NG-5636_561_2_sequence.fastq.gz	
ERR260202	PRJEB1786	SAMEA1906545	ERX234790	646099	human metagenome	ftp.sra.ebi.ac.uk/vol1/fastq/ERR260/ERR260202/ERR260202_1.fastq.gz;ftp.sra.ebi.ac.uk/vol1/fastq/ERR260/ERR260202/ERR260202_2.fastq.gz	ftp.sra.ebi.ac.uk/vol1/run/ERR260/ERR260202/NG-5636_563_1_sequence.fastq.gz;ftp.sra.ebi.ac.uk/vol1/run/ERR260/ERR260202/NG-5636_563_2_sequence.fastq.gz	
ERR260205	PRJEB1786	SAMEA1906565	ERX234793	646099	human metagenome	ftp.sra.ebi.ac.uk/vol1/fastq/ERR260/ERR260205/ERR260205_1.fastq.gz;ftp.sra.ebi.ac.uk/vol1/fastq/ERR260/ERR260205/ERR260205_2.fastq.gz	ftp.sra.ebi.ac.uk/vol1/run/ERR260/ERR260205/NG-5636_584_1_sequence.fastq.gz;ftp.sra.ebi.ac.uk/vol1/run/ERR260/ERR260205/NG-5636_584_2_sequence.fastq.gz	
ERR260207	PRJEB1786	SAMEA1906446	ERX234795	646099	human metagenome	ftp.sra.ebi.ac.uk/vol1/fastq/ERR260/ERR260207/ERR260207_1.fastq.gz;ftp.sra.ebi.ac.uk/vol1/fastq/ERR260/ERR260207/ERR260207_2.fastq.gz	ftp.sra.ebi.ac.uk/vol1/run/ERR260/ERR260207/NG-5636_589_1_sequence.fastq.gz;ftp.sra.ebi.ac.uk/vol1/run/ERR260/ERR260207/NG-5636_589_2_sequence.fastq.gz	
ERR260209	PRJEB1786	SAMEA1906484	ERX234797	646099	human metagenome	ftp.sra.ebi.ac.uk/vol1/fastq/ERR260/ERR260209/ERR260209_1.fastq.gz;ftp.sra.ebi.ac.uk/vol1/fastq/ERR260/ERR260209/ERR260209_2.fastq.gz	ftp.sra.ebi.ac.uk/vol1/run/ERR260/ERR260209/NG-5636_59_1_sequence.fastq.gz;ftp.sra.ebi.ac.uk/vol1/run/ERR260/ERR260209/NG-5636_59_2_sequence.fastq.gz	
ERR260210	PRJEB1786	SAMEA1906528	ERX234798	646099	human metagenome	ftp.sra.ebi.ac.uk/vol1/fastq/ERR260/ERR260210/ERR260210_1.fastq.gz;ftp.sra.ebi.ac.uk/vol1/fastq/ERR260/ERR260210/ERR260210_2.fastq.gz	ftp.sra.ebi.ac.uk/vol1/run/ERR260/ERR260210/NG-5636_598_1_sequence.fastq.gz;ftp.sra.ebi.ac.uk/vol1/run/ERR260/ERR260210/NG-5636_598_2_sequence.fastq.gz	
ERR260214	PRJEB1786	SAMEA1906579	ERX234802	646099	human metagenome	ftp.sra.ebi.ac.uk/vol1/fastq/ERR260/ERR260214/ERR260214_1.fastq.gz;ftp.sra.ebi.ac.uk/vol1/fastq/ERR260/ERR260214/ERR260214_2.fastq.gz	ftp.sra.ebi.ac.uk/vol1/run/ERR260/ERR260214/NG-5636_604_1_sequence.fastq.gz;ftp.sra.ebi.ac.uk/vol1/run/ERR260/ERR260214/NG-5636_604_2_sequence.fastq.gz	
ERR260221	PRJEB1786	SAMEA1906530	ERX234809	646099	human metagenome	ftp.sra.ebi.ac.uk/vol1/fastq/ERR260/ERR260221/ERR260221_1.fastq.gz;ftp.sra.ebi.ac.uk/vol1/fastq/ERR260/ERR260221/ERR260221_2.fastq.gz	ftp.sra.ebi.ac.uk/vol1/run/ERR260/ERR260221/NG-5636_643_1_sequence.fastq.gz;ftp.sra.ebi.ac.uk/vol1/run/ERR260/ERR260221/NG-5636_643_2_sequence.fastq.gz	
ERR260224	PRJEB1786	SAMEA1906493	ERX234812	646099	human metagenome	ftp.sra.ebi.ac.uk/vol1/fastq/ERR260/ERR260224/ERR260224_1.fastq.gz;ftp.sra.ebi.ac.uk/vol1/fastq/ERR260/ERR260224/ERR260224_2.fastq.gz	ftp.sra.ebi.ac.uk/vol1/run/ERR260/ERR260224/NG-5636_77_1_sequence.fastq.gz;ftp.sra.ebi.ac.uk/vol1/run/ERR260/ERR260224/NG-5636_77_2_sequence.fastq.gz	
ERR260225	PRJEB1786	SAMEA1906418	ERX234813	646099	human metagenome	ftp.sra.ebi.ac.uk/vol1/fastq/ERR260/ERR260225/ERR260225_1.fastq.gz;ftp.sra.ebi.ac.uk/vol1/fastq/ERR260/ERR260225/ERR260225_2.fastq.gz	ftp.sra.ebi.ac.uk/vol1/run/ERR260/ERR260225/NG-5636_80_1_sequence.fastq.gz;ftp.sra.ebi.ac.uk/vol1/run/ERR260/ERR260225/NG-5636_80_2_sequence.fastq.gz	
ERR260227	PRJEB1786	SAMEA1906576	ERX234815	646099	human metagenome	ftp.sra.ebi.ac.uk/vol1/fastq/ERR260/ERR260227/ERR260227_1.fastq.gz;ftp.sra.ebi.ac.uk/vol1/fastq/ERR260/ERR260227/ERR260227_2.fastq.gz	ftp.sra.ebi.ac.uk/vol1/run/ERR260/ERR260227/NG-5636_92_1_sequence.fastq.gz;ftp.sra.ebi.ac.uk/vol1/run/ERR260/ERR260227/NG-5636_92_2_sequence.fastq.gz	
ERR260231	PRJEB1786	SAMEA1906487	ERX234819	646099	human metagenome	ftp.sra.ebi.ac.uk/vol1/fastq/ERR260/ERR260231/ERR260231_1.fastq.gz;ftp.sra.ebi.ac.uk/vol1/fastq/ERR260/ERR260231/ERR260231_2.fastq.gz	ftp.sra.ebi.ac.uk/vol1/run/ERR260/ERR260231/NG-5636_225_1_sequence.fastq.gz;ftp.sra.ebi.ac.uk/vol1/run/ERR260/ERR260231/NG-5636_225_2_sequence.fastq.gz	
ERR260233	PRJEB1786	SAMEA1906430	ERX234821	646099	human metagenome	ftp.sra.ebi.ac.uk/vol1/fastq/ERR260/ERR260233/ERR260233_1.fastq.gz;ftp.sra.ebi.ac.uk/vol1/fastq/ERR260/ERR260233/ERR260233_2.fastq.gz	ftp.sra.ebi.ac.uk/vol1/run/ERR260/ERR260233/NG-5636_229_1_sequence.fastq.gz;ftp.sra.ebi.ac.uk/vol1/run/ERR260/ERR260233/NG-5636_229_2_sequence.fastq.gz	
ERR260235	PRJEB1786	SAMEA1906572	ERX234823	646099	human metagenome	ftp.sra.ebi.ac.uk/vol1/fastq/ERR260/ERR260235/ERR260235_1.fastq.gz;ftp.sra.ebi.ac.uk/vol1/fastq/ERR260/ERR260235/ERR260235_2.fastq.gz	ftp.sra.ebi.ac.uk/vol1/run/ERR260/ERR260235/NG-5636_235_1_sequence.fastq.gz;ftp.sra.ebi.ac.uk/vol1/run/ERR260/ERR260235/NG-5636_235_2_sequence.fastq.gz	
ERR260237	PRJEB1786	SAMEA1906567	ERX234825	646099	human metagenome	ftp.sra.ebi.ac.uk/vol1/fastq/ERR260/ERR260237/ERR260237_1.fastq.gz;ftp.sra.ebi.ac.uk/vol1/fastq/ERR260/ERR260237/ERR260237_2.fastq.gz	ftp.sra.ebi.ac.uk/vol1/run/ERR260/ERR260237/NG-5636_243_1_sequence.fastq.gz;ftp.sra.ebi.ac.uk/vol1/run/ERR260/ERR260237/NG-5636_243_2_sequence.fastq.gz	
ERR260238	PRJEB1786	SAMEA1906497	ERX234826	646099	human metagenome	ftp.sra.ebi.ac.uk/vol1/fastq/ERR260/ERR260238/ERR260238_1.fastq.gz;ftp.sra.ebi.ac.uk/vol1/fastq/ERR260/ERR260238/ERR260238_2.fastq.gz	ftp.sra.ebi.ac.uk/vol1/run/ERR260/ERR260238/NG-5636_244_1_sequence.fastq.gz;ftp.sra.ebi.ac.uk/vol1/run/ERR260/ERR260238/NG-5636_244_2_sequence.fastq.gz	
ERR260239	PRJEB1786	SAMEA1906533	ERX234827	646099	human metagenome	ftp.sra.ebi.ac.uk/vol1/fastq/ERR260/ERR260239/ERR260239_1.fastq.gz;ftp.sra.ebi.ac.uk/vol1/fastq/ERR260/ERR260239/ERR260239_2.fastq.gz	ftp.sra.ebi.ac.uk/vol1/run/ERR260/ERR260239/NG-5636_248_1_sequence.fastq.gz;ftp.sra.ebi.ac.uk/vol1/run/ERR260/ERR260239/NG-5636_248_2_sequence.fastq.gz	
ERR260242	PRJEB1786	SAMEA1906491	ERX234830	646099	human metagenome	ftp.sra.ebi.ac.uk/vol1/fastq/ERR260/ERR260242/ERR260242_1.fastq.gz;ftp.sra.ebi.ac.uk/vol1/fastq/ERR260/ERR260242/ERR260242_2.fastq.gz	ftp.sra.ebi.ac.uk/vol1/run/ERR260/ERR260242/NG-5636_264_1_sequence.fastq.gz;ftp.sra.ebi.ac.uk/vol1/run/ERR260/ERR260242/NG-5636_264_2_sequence.fastq.gz	
ERR260254	PRJEB1786	SAMEA1906532	ERX234842	646099	human metagenome	ftp.sra.ebi.ac.uk/vol1/fastq/ERR260/ERR260254/ERR260254_1.fastq.gz;ftp.sra.ebi.ac.uk/vol1/fastq/ERR260/ERR260254/ERR260254_2.fastq.gz	ftp.sra.ebi.ac.uk/vol1/run/ERR260/ERR260254/NG-5636_131_1_sequence.fastq.gz;ftp.sra.ebi.ac.uk/vol1/run/ERR260/ERR260254/NG-5636_131_2_sequence.fastq.gz	
ERR260256	PRJEB1786	SAMEA1906449	ERX234844	646099	human metagenome	ftp.sra.ebi.ac.uk/vol1/fastq/ERR260/ERR260256/ERR260256_1.fastq.gz;ftp.sra.ebi.ac.uk/vol1/fastq/ERR260/ERR260256/ERR260256_2.fastq.gz	ftp.sra.ebi.ac.uk/vol1/run/ERR260/ERR260256/NG-5636_143_1_sequence.fastq.gz;ftp.sra.ebi.ac.uk/vol1/run/ERR260/ERR260256/NG-5636_143_2_sequence.fastq.gz	
ERR260263	PRJEB1786	SAMEA1906443	ERX234851	646099	human metagenome	ftp.sra.ebi.ac.uk/vol1/fastq/ERR260/ERR260263/ERR260263_1.fastq.gz;ftp.sra.ebi.ac.uk/vol1/fastq/ERR260/ERR260263/ERR260263_2.fastq.gz	ftp.sra.ebi.ac.uk/vol1/run/ERR260/ERR260263/NG-5636_187_1_sequence.fastq.gz;ftp.sra.ebi.ac.uk/vol1/run/ERR260/ERR260263/NG-5636_187_2_sequence.fastq.gz	
ERR260265	PRJEB1786	SAMEA1906563	ERX234853	646099	human metagenome	ftp.sra.ebi.ac.uk/vol1/fastq/ERR260/ERR260265/ERR260265_1.fastq.gz;ftp.sra.ebi.ac.uk/vol1/fastq/ERR260/ERR260265/ERR260265_2.fastq.gz	ftp.sra.ebi.ac.uk/vol1/run/ERR260/ERR260265/NG-5636_194_1_sequence.fastq.gz;ftp.sra.ebi.ac.uk/vol1/run/ERR260/ERR260265/NG-5636_194_2_sequence.fastq.gz	
ERR260267	PRJEB1786	SAMEA1906538	ERX234855	646099	human metagenome	ftp.sra.ebi.ac.uk/vol1/fastq/ERR260/ERR260267/ERR260267_1.fastq.gz;ftp.sra.ebi.ac.uk/vol1/fastq/ERR260/ERR260267/ERR260267_2.fastq.gz	ftp.sra.ebi.ac.uk/vol1/run/ERR260/ERR260267/NG-5636_198_1_sequence.fastq.gz;ftp.sra.ebi.ac.uk/vol1/run/ERR260/ERR260267/NG-5636_198_2_sequence.fastq.gz	
ERR260275	PRJEB1786	SAMEA1906507	ERX234863	646099	human metagenome	ftp.sra.ebi.ac.uk/vol1/fastq/ERR260/ERR260275/ERR260275_1.fastq.gz;ftp.sra.ebi.ac.uk/vol1/fastq/ERR260/ERR260275/ERR260275_2.fastq.gz	ftp.sra.ebi.ac.uk/vol1/run/ERR260/ERR260275/NG-5425_485_1_sequence.fastq.gz;ftp.sra.ebi.ac.uk/vol1/run/ERR260/ERR260275/NG-5425_485_2_sequence.fastq.gz	
ERR260276	PRJEB1786	SAMEA1906439	ERX234864	646099	human metagenome	ftp.sra.ebi.ac.uk/vol1/fastq/ERR260/ERR260276/ERR260276_1.fastq.gz;ftp.sra.ebi.ac.uk/vol1/fastq/ERR260/ERR260276/ERR260276_2.fastq.gz	ftp.sra.ebi.ac.uk/vol1/run/ERR260/ERR260276/NG-5425_550_1_sequence.fastq.gz;ftp.sra.ebi.ac.uk/vol1/run/ERR260/ERR260276/NG-5425_550_2_sequence.fastq.gz	
ERR260134	PRJEB1786	SAMEA1906542	ERX234722	646099	human metagenome	ftp.sra.ebi.ac.uk/vol1/fastq/ERR260/ERR260134/ERR260134_1.fastq.gz;ftp.sra.ebi.ac.uk/vol1/fastq/ERR260/ERR260134/ERR260134_2.fastq.gz	ftp.sra.ebi.ac.uk/vol1/run/ERR260/ERR260134/NG-5636_312_new_read_1.fastq.gz;ftp.sra.ebi.ac.uk/vol1/run/ERR260/ERR260134/NG-5636_312_new_read_2.fastq.gz	
ERR260137	PRJEB1786	SAMEA1906573	ERX234725	646099	human metagenome	ftp.sra.ebi.ac.uk/vol1/fastq/ERR260/ERR260137/ERR260137_1.fastq.gz;ftp.sra.ebi.ac.uk/vol1/fastq/ERR260/ERR260137/ERR260137_2.fastq.gz	ftp.sra.ebi.ac.uk/vol1/run/ERR260/ERR260137/NG-5636_330_1_sequence.fastq.gz;ftp.sra.ebi.ac.uk/vol1/run/ERR260/ERR260137/NG-5636_330_2_sequence.fastq.gz	
ERR260138	PRJEB1786	SAMEA1906552	ERX234726	646099	human metagenome	ftp.sra.ebi.ac.uk/vol1/fastq/ERR260/ERR260138/ERR260138_1.fastq.gz;ftp.sra.ebi.ac.uk/vol1/fastq/ERR260/ERR260138/ERR260138_2.fastq.gz	ftp.sra.ebi.ac.uk/vol1/run/ERR260/ERR260138/NG-5636_332_1_sequence.fastq.gz;ftp.sra.ebi.ac.uk/vol1/run/ERR260/ERR260138/NG-5636_332_2_sequence.fastq.gz	
ERR260141	PRJEB1786	SAMEA1906485	ERX234729	646099	human metagenome	ftp.sra.ebi.ac.uk/vol1/fastq/ERR260/ERR260141/ERR260141_1.fastq.gz;ftp.sra.ebi.ac.uk/vol1/fastq/ERR260/ERR260141/ERR260141_2.fastq.gz	ftp.sra.ebi.ac.uk/vol1/run/ERR260/ERR260141/NG-5636_347_1_sequence.fastq.gz;ftp.sra.ebi.ac.uk/vol1/run/ERR260/ERR260141/NG-5636_347_2_sequence.fastq.gz	
ERR260147	PRJEB1786	SAMEA1906490	ERX234735	646099	human metagenome	ftp.sra.ebi.ac.uk/vol1/fastq/ERR260/ERR260147/ERR260147_1.fastq.gz;ftp.sra.ebi.ac.uk/vol1/fastq/ERR260/ERR260147/ERR260147_2.fastq.gz	ftp.sra.ebi.ac.uk/vol1/run/ERR260/ERR260147/NG-5636_365_1_sequence.fastq.gz;ftp.sra.ebi.ac.uk/vol1/run/ERR260/ERR260147/NG-5636_365_2_sequence.fastq.gz	
ERR260156	PRJEB1786	SAMEA1906518	ERX234744	646099	human metagenome	ftp.sra.ebi.ac.uk/vol1/fastq/ERR260/ERR260156/ERR260156_1.fastq.gz;ftp.sra.ebi.ac.uk/vol1/fastq/ERR260/ERR260156/ERR260156_2.fastq.gz	ftp.sra.ebi.ac.uk/vol1/run/ERR260/ERR260156/NG-5636_393_1_sequence.fastq.gz;ftp.sra.ebi.ac.uk/vol1/run/ERR260/ERR260156/NG-5636_393_2_sequence.fastq.gz	
ERR260158	PRJEB1786	SAMEA1906561	ERX234746	646099	human metagenome	ftp.sra.ebi.ac.uk/vol1/fastq/ERR260/ERR260158/ERR260158_1.fastq.gz;ftp.sra.ebi.ac.uk/vol1/fastq/ERR260/ERR260158/ERR260158_2.fastq.gz	ftp.sra.ebi.ac.uk/vol1/run/ERR260/ERR260158/NG-5636_397_1_sequence.fastq.gz;ftp.sra.ebi.ac.uk/vol1/run/ERR260/ERR260158/NG-5636_397_2_sequence.fastq.gz	
ERR260159	PRJEB1786	SAMEA1906435	ERX234747	646099	human metagenome	ftp.sra.ebi.ac.uk/vol1/fastq/ERR260/ERR260159/ERR260159_1.fastq.gz;ftp.sra.ebi.ac.uk/vol1/fastq/ERR260/ERR260159/ERR260159_2.fastq.gz	ftp.sra.ebi.ac.uk/vol1/run/ERR260/ERR260159/NG-5636_398_1_sequence.fastq.gz;ftp.sra.ebi.ac.uk/vol1/run/ERR260/ERR260159/NG-5636_398_2_sequence.fastq.gz	
ERR260161	PRJEB1786	SAMEA1906482	ERX234749	646099	human metagenome	ftp.sra.ebi.ac.uk/vol1/fastq/ERR260/ERR260161/ERR260161_1.fastq.gz;ftp.sra.ebi.ac.uk/vol1/fastq/ERR260/ERR260161/ERR260161_2.fastq.gz	ftp.sra.ebi.ac.uk/vol1/run/ERR260/ERR260161/NG-5636_421_1_sequence.fastq.gz;ftp.sra.ebi.ac.uk/vol1/run/ERR260/ERR260161/NG-5636_421_2_sequence.fastq.gz	
ERR260163	PRJEB1786	SAMEA1906470	ERX234751	646099	human metagenome	ftp.sra.ebi.ac.uk/vol1/fastq/ERR260/ERR260163/ERR260163_1.fastq.gz;ftp.sra.ebi.ac.uk/vol1/fastq/ERR260/ERR260163/ERR260163_2.fastq.gz	ftp.sra.ebi.ac.uk/vol1/run/ERR260/ERR260163/NG-5636_424_1_sequence.fastq.gz;ftp.sra.ebi.ac.uk/vol1/run/ERR260/ERR260163/NG-5636_424_2_sequence.fastq.gz	
ERR260166	PRJEB1786	SAMEA1906469	ERX234754	646099	human metagenome	ftp.sra.ebi.ac.uk/vol1/fastq/ERR260/ERR260166/ERR260166_1.fastq.gz;ftp.sra.ebi.ac.uk/vol1/fastq/ERR260/ERR260166/ERR260166_2.fastq.gz	ftp.sra.ebi.ac.uk/vol1/run/ERR260/ERR260166/NG-5636_436_1_sequence.fastq.gz;ftp.sra.ebi.ac.uk/vol1/run/ERR260/ERR260166/NG-5636_436_2_sequence.fastq.gz	
ERR260167	PRJEB1786	SAMEA1906456	ERX234755	646099	human metagenome	ftp.sra.ebi.ac.uk/vol1/fastq/ERR260/ERR260167/ERR260167_1.fastq.gz;ftp.sra.ebi.ac.uk/vol1/fastq/ERR260/ERR260167/ERR260167_2.fastq.gz	ftp.sra.ebi.ac.uk/vol1/run/ERR260/ERR260167/NG-5636_439_1_sequence.fastq.gz;ftp.sra.ebi.ac.uk/vol1/run/ERR260/ERR260167/NG-5636_439_2_sequence.fastq.gz	
ERR260170	PRJEB1786	SAMEA1906441	ERX234758	646099	human metagenome	ftp.sra.ebi.ac.uk/vol1/fastq/ERR260/ERR260170/ERR260170_1.fastq.gz;ftp.sra.ebi.ac.uk/vol1/fastq/ERR260/ERR260170/ERR260170_2.fastq.gz	ftp.sra.ebi.ac.uk/vol1/run/ERR260/ERR260170/NG-5636_451_1_sequence.fastq.gz;ftp.sra.ebi.ac.uk/vol1/run/ERR260/ERR260170/NG-5636_451_2_sequence.fastq.gz	
ERR260171	PRJEB1786	SAMEA1906568	ERX234759	646099	human metagenome	ftp.sra.ebi.ac.uk/vol1/fastq/ERR260/ERR260171/ERR260171_1.fastq.gz;ftp.sra.ebi.ac.uk/vol1/fastq/ERR260/ERR260171/ERR260171_2.fastq.gz	ftp.sra.ebi.ac.uk/vol1/run/ERR260/ERR260171/NG-5636_456_read_1.fastq.gz;ftp.sra.ebi.ac.uk/vol1/run/ERR260/ERR260171/NG-5636_456_read_2.fastq.gz	
ERR260173	PRJEB1786	SAMEA1906529	ERX234761	646099	human metagenome	ftp.sra.ebi.ac.uk/vol1/fastq/ERR260/ERR260173/ERR260173_1.fastq.gz;ftp.sra.ebi.ac.uk/vol1/fastq/ERR260/ERR260173/ERR260173_2.fastq.gz	ftp.sra.ebi.ac.uk/vol1/run/ERR260/ERR260173/NG-5636_458_read_1.fastq.gz;ftp.sra.ebi.ac.uk/vol1/run/ERR260/ERR260173/NG-5636_458_read_2.fastq.gz	
ERR260176	PRJEB1786	SAMEA1906583	ERX234764	646099	human metagenome	ftp.sra.ebi.ac.uk/vol1/fastq/ERR260/ERR260176/ERR260176_1.fastq.gz;ftp.sra.ebi.ac.uk/vol1/fastq/ERR260/ERR260176/ERR260176_2.fastq.gz	ftp.sra.ebi.ac.uk/vol1/run/ERR260/ERR260176/NG-5636_468_read_1.fastq.gz;ftp.sra.ebi.ac.uk/vol1/run/ERR260/ERR260176/NG-5636_468_read_2.fastq.gz	
ERR260183	PRJEB1786	SAMEA1906534	ERX234771	646099	human metagenome	ftp.sra.ebi.ac.uk/vol1/fastq/ERR260/ERR260183/ERR260183_1.fastq.gz;ftp.sra.ebi.ac.uk/vol1/fastq/ERR260/ERR260183/ERR260183_2.fastq.gz	ftp.sra.ebi.ac.uk/vol1/run/ERR260/ERR260183/NG-5636_487_1_sequence.fastq.gz;ftp.sra.ebi.ac.uk/vol1/run/ERR260/ERR260183/NG-5636_487_2_sequence.fastq.gz	
ERR260192	PRJEB1786	SAMEA1906557	ERX234780	646099	human metagenome	ftp.sra.ebi.ac.uk/vol1/fastq/ERR260/ERR260192/ERR260192_1.fastq.gz;ftp.sra.ebi.ac.uk/vol1/fastq/ERR260/ERR260192/ERR260192_2.fastq.gz	ftp.sra.ebi.ac.uk/vol1/run/ERR260/ERR260192/NG-5636_530_1_sequence.fastq.gz;ftp.sra.ebi.ac.uk/vol1/run/ERR260/ERR260192/NG-5636_530_2_sequence.fastq.gz	
ERR260194	PRJEB1786	SAMEA1906524	ERX234782	646099	human metagenome	ftp.sra.ebi.ac.uk/vol1/fastq/ERR260/ERR260194/ERR260194_1.fastq.gz;ftp.sra.ebi.ac.uk/vol1/fastq/ERR260/ERR260194/ERR260194_2.fastq.gz	ftp.sra.ebi.ac.uk/vol1/run/ERR260/ERR260194/NG-5636_536_1_sequence.fastq.gz;ftp.sra.ebi.ac.uk/vol1/run/ERR260/ERR260194/NG-5636_536_2_sequence.fastq.gz	
ERR260199	PRJEB1786	SAMEA1906570	ERX234787	646099	human metagenome	ftp.sra.ebi.ac.uk/vol1/fastq/ERR260/ERR260199/ERR260199_1.fastq.gz;ftp.sra.ebi.ac.uk/vol1/fastq/ERR260/ERR260199/ERR260199_2.fastq.gz	ftp.sra.ebi.ac.uk/vol1/run/ERR260/ERR260199/NG-5636_552_1_sequence.fastq.gz;ftp.sra.ebi.ac.uk/vol1/run/ERR260/ERR260199/NG-5636_552_2_sequence.fastq.gz	
ERR260203	PRJEB1786	SAMEA1906531	ERX234791	646099	human metagenome	ftp.sra.ebi.ac.uk/vol1/fastq/ERR260/ERR260203/ERR260203_1.fastq.gz;ftp.sra.ebi.ac.uk/vol1/fastq/ERR260/ERR260203/ERR260203_2.fastq.gz	ftp.sra.ebi.ac.uk/vol1/run/ERR260/ERR260203/NG-5636_577_1_sequence.fastq.gz;ftp.sra.ebi.ac.uk/vol1/run/ERR260/ERR260203/NG-5636_577_2_sequence.fastq.gz	
ERR260204	PRJEB1786	SAMEA1906503	ERX234792	646099	human metagenome	ftp.sra.ebi.ac.uk/vol1/fastq/ERR260/ERR260204/ERR260204_1.fastq.gz;ftp.sra.ebi.ac.uk/vol1/fastq/ERR260/ERR260204/ERR260204_2.fastq.gz	ftp.sra.ebi.ac.uk/vol1/run/ERR260/ERR260204/NG-5636_58_1_sequence.fastq.gz;ftp.sra.ebi.ac.uk/vol1/run/ERR260/ERR260204/NG-5636_58_2_sequence.fastq.gz	
ERR260206	PRJEB1786	SAMEA1906424	ERX234794	646099	human metagenome	ftp.sra.ebi.ac.uk/vol1/fastq/ERR260/ERR260206/ERR260206_1.fastq.gz;ftp.sra.ebi.ac.uk/vol1/fastq/ERR260/ERR260206/ERR260206_2.fastq.gz	ftp.sra.ebi.ac.uk/vol1/run/ERR260/ERR260206/NG-5636_587_1_sequence.fastq.gz;ftp.sra.ebi.ac.uk/vol1/run/ERR260/ERR260206/NG-5636_587_2_sequence.fastq.gz	
ERR260216	PRJEB1786	SAMEA1906433	ERX234804	646099	human metagenome	ftp.sra.ebi.ac.uk/vol1/fastq/ERR260/ERR260216/ERR260216_1.fastq.gz;ftp.sra.ebi.ac.uk/vol1/fastq/ERR260/ERR260216/ERR260216_2.fastq.gz	ftp.sra.ebi.ac.uk/vol1/run/ERR260/ERR260216/NG-5636_617_1_sequence.fastq.gz;ftp.sra.ebi.ac.uk/vol1/run/ERR260/ERR260216/NG-5636_617_2_sequence.fastq.gz	
ERR260219	PRJEB1786	SAMEA1906564	ERX234807	646099	human metagenome	ftp.sra.ebi.ac.uk/vol1/fastq/ERR260/ERR260219/ERR260219_1.fastq.gz;ftp.sra.ebi.ac.uk/vol1/fastq/ERR260/ERR260219/ERR260219_2.fastq.gz	ftp.sra.ebi.ac.uk/vol1/run/ERR260/ERR260219/NG-5636_638_1_sequence.fastq.gz;ftp.sra.ebi.ac.uk/vol1/run/ERR260/ERR260219/NG-5636_638_2_sequence.fastq.gz	
ERR260230	PRJEB1786	SAMEA1906458	ERX234818	646099	human metagenome	ftp.sra.ebi.ac.uk/vol1/fastq/ERR260/ERR260230/ERR260230_1.fastq.gz;ftp.sra.ebi.ac.uk/vol1/fastq/ERR260/ERR260230/ERR260230_2.fastq.gz	ftp.sra.ebi.ac.uk/vol1/run/ERR260/ERR260230/NG-5636_224_1_sequence.fastq.gz;ftp.sra.ebi.ac.uk/vol1/run/ERR260/ERR260230/NG-5636_224_2_sequence.fastq.gz	
ERR260236	PRJEB1786	SAMEA1906555	ERX234824	646099	human metagenome	ftp.sra.ebi.ac.uk/vol1/fastq/ERR260/ERR260236/ERR260236_1.fastq.gz;ftp.sra.ebi.ac.uk/vol1/fastq/ERR260/ERR260236/ERR260236_2.fastq.gz	ftp.sra.ebi.ac.uk/vol1/run/ERR260/ERR260236/NG-5636_239_1_sequence.fastq.gz;ftp.sra.ebi.ac.uk/vol1/run/ERR260/ERR260236/NG-5636_239_2_sequence.fastq.gz	
ERR260240	PRJEB1786	SAMEA1906546	ERX234828	646099	human metagenome	ftp.sra.ebi.ac.uk/vol1/fastq/ERR260/ERR260240/ERR260240_1.fastq.gz;ftp.sra.ebi.ac.uk/vol1/fastq/ERR260/ERR260240/ERR260240_2.fastq.gz	ftp.sra.ebi.ac.uk/vol1/run/ERR260/ERR260240/NG-5636_258_1_sequence.fastq.gz;ftp.sra.ebi.ac.uk/vol1/run/ERR260/ERR260240/NG-5636_258_2_sequence.fastq.gz	
ERR260243	PRJEB1786	SAMEA1906417	ERX234831	646099	human metagenome	ftp.sra.ebi.ac.uk/vol1/fastq/ERR260/ERR260243/ERR260243_1.fastq.gz;ftp.sra.ebi.ac.uk/vol1/fastq/ERR260/ERR260243/ERR260243_2.fastq.gz	ftp.sra.ebi.ac.uk/vol1/run/ERR260/ERR260243/NG-5636_268_1_sequence.fastq.gz;ftp.sra.ebi.ac.uk/vol1/run/ERR260/ERR260243/NG-5636_268_2_sequence.fastq.gz	
ERR260247	PRJEB1786	SAMEA1906575	ERX234835	646099	human metagenome	ftp.sra.ebi.ac.uk/vol1/fastq/ERR260/ERR260247/ERR260247_1.fastq.gz;ftp.sra.ebi.ac.uk/vol1/fastq/ERR260/ERR260247/ERR260247_2.fastq.gz	ftp.sra.ebi.ac.uk/vol1/run/ERR260/ERR260247/NG-5636_290_1_sequence.fastq.gz;ftp.sra.ebi.ac.uk/vol1/run/ERR260/ERR260247/NG-5636_290_2_sequence.fastq.gz	
ERR260249	PRJEB1786	SAMEA1906447	ERX234837	646099	human metagenome	ftp.sra.ebi.ac.uk/vol1/fastq/ERR260/ERR260249/ERR260249_1.fastq.gz;ftp.sra.ebi.ac.uk/vol1/fastq/ERR260/ERR260249/ERR260249_2.fastq.gz	ftp.sra.ebi.ac.uk/vol1/run/ERR260/ERR260249/NG-5636_112_1_sequence.fastq.gz;ftp.sra.ebi.ac.uk/vol1/run/ERR260/ERR260249/NG-5636_112_2_sequence.fastq.gz	
ERR260252	PRJEB1786	SAMEA1906474	ERX234840	646099	human metagenome	ftp.sra.ebi.ac.uk/vol1/fastq/ERR260/ERR260252/ERR260252_1.fastq.gz;ftp.sra.ebi.ac.uk/vol1/fastq/ERR260/ERR260252/ERR260252_2.fastq.gz	ftp.sra.ebi.ac.uk/vol1/run/ERR260/ERR260252/NG-5636_126_1_sequence.fastq.gz;ftp.sra.ebi.ac.uk/vol1/run/ERR260/ERR260252/NG-5636_126_2_sequence.fastq.gz	
ERR260253	PRJEB1786	SAMEA1906525	ERX234841	646099	human metagenome	ftp.sra.ebi.ac.uk/vol1/fastq/ERR260/ERR260253/ERR260253_1.fastq.gz;ftp.sra.ebi.ac.uk/vol1/fastq/ERR260/ERR260253/ERR260253_2.fastq.gz	ftp.sra.ebi.ac.uk/vol1/run/ERR260/ERR260253/NG-5636_127_1_sequence.fastq.gz;ftp.sra.ebi.ac.uk/vol1/run/ERR260/ERR260253/NG-5636_127_2_sequence.fastq.gz	
ERR260255	PRJEB1786	SAMEA1906551	ERX234843	646099	human metagenome	ftp.sra.ebi.ac.uk/vol1/fastq/ERR260/ERR260255/ERR260255_1.fastq.gz;ftp.sra.ebi.ac.uk/vol1/fastq/ERR260/ERR260255/ERR260255_2.fastq.gz	ftp.sra.ebi.ac.uk/vol1/run/ERR260/ERR260255/NG-5636_141_1_sequence.fastq.gz;ftp.sra.ebi.ac.uk/vol1/run/ERR260/ERR260255/NG-5636_141_2_sequence.fastq.gz	
ERR260257	PRJEB1786	SAMEA1906425	ERX234845	646099	human metagenome	ftp.sra.ebi.ac.uk/vol1/fastq/ERR260/ERR260257/ERR260257_1.fastq.gz;ftp.sra.ebi.ac.uk/vol1/fastq/ERR260/ERR260257/ERR260257_2.fastq.gz	ftp.sra.ebi.ac.uk/vol1/run/ERR260/ERR260257/NG-5636_144_1_sequence.fastq.gz;ftp.sra.ebi.ac.uk/vol1/run/ERR260/ERR260257/NG-5636_144_2_sequence.fastq.gz	
ERR260259	PRJEB1786	SAMEA1906459	ERX234847	646099	human metagenome	ftp.sra.ebi.ac.uk/vol1/fastq/ERR260/ERR260259/ERR260259_1.fastq.gz;ftp.sra.ebi.ac.uk/vol1/fastq/ERR260/ERR260259/ERR260259_2.fastq.gz	ftp.sra.ebi.ac.uk/vol1/run/ERR260/ERR260259/NG-5636_153_1_sequence.fastq.gz;ftp.sra.ebi.ac.uk/vol1/run/ERR260/ERR260259/NG-5636_153_2_sequence.fastq.gz	
ERR260260	PRJEB1786	SAMEA1906481	ERX234848	646099	human metagenome	ftp.sra.ebi.ac.uk/vol1/fastq/ERR260/ERR260260/ERR260260_1.fastq.gz;ftp.sra.ebi.ac.uk/vol1/fastq/ERR260/ERR260260/ERR260260_2.fastq.gz	ftp.sra.ebi.ac.uk/vol1/run/ERR260/ERR260260/NG-5636_155_1_sequence.fastq.gz;ftp.sra.ebi.ac.uk/vol1/run/ERR260/ERR260260/NG-5636_155_2_sequence.fastq.gz	
ERR260261	PRJEB1786	SAMEA1906451	ERX234849	646099	human metagenome	ftp.sra.ebi.ac.uk/vol1/fastq/ERR260/ERR260261/ERR260261_1.fastq.gz;ftp.sra.ebi.ac.uk/vol1/fastq/ERR260/ERR260261/ERR260261_2.fastq.gz	ftp.sra.ebi.ac.uk/vol1/run/ERR260/ERR260261/NG-5636_158_1_sequence.fastq.gz;ftp.sra.ebi.ac.uk/vol1/run/ERR260/ERR260261/NG-5636_158_2_sequence.fastq.gz	
ERR260262	PRJEB1786	SAMEA1906466	ERX234850	646099	human metagenome	ftp.sra.ebi.ac.uk/vol1/fastq/ERR260/ERR260262/ERR260262_1.fastq.gz;ftp.sra.ebi.ac.uk/vol1/fastq/ERR260/ERR260262/ERR260262_2.fastq.gz	ftp.sra.ebi.ac.uk/vol1/run/ERR260/ERR260262/NG-5636_186_1_sequence.fastq.gz;ftp.sra.ebi.ac.uk/vol1/run/ERR260/ERR260262/NG-5636_186_2_sequence.fastq.gz	
ERR260264	PRJEB1786	SAMEA1906427	ERX234852	646099	human metagenome	ftp.sra.ebi.ac.uk/vol1/fastq/ERR260/ERR260264/ERR260264_1.fastq.gz;ftp.sra.ebi.ac.uk/vol1/fastq/ERR260/ERR260264/ERR260264_2.fastq.gz	ftp.sra.ebi.ac.uk/vol1/run/ERR260/ERR260264/NG-5636_193_1_sequence.fastq.gz;ftp.sra.ebi.ac.uk/vol1/run/ERR260/ERR260264/NG-5636_193_2_sequence.fastq.gz	
ERR260266	PRJEB1786	SAMEA1906520	ERX234854	646099	human metagenome	ftp.sra.ebi.ac.uk/vol1/fastq/ERR260/ERR260266/ERR260266_1.fastq.gz;ftp.sra.ebi.ac.uk/vol1/fastq/ERR260/ERR260266/ERR260266_2.fastq.gz	ftp.sra.ebi.ac.uk/vol1/run/ERR260/ERR260266/NG-5636_195_1_sequence.fastq.gz;ftp.sra.ebi.ac.uk/vol1/run/ERR260/ERR260266/NG-5636_195_2_sequence.fastq.gz	
ERR260268	PRJEB1786	SAMEA1906453	ERX234856	646099	human metagenome	ftp.sra.ebi.ac.uk/vol1/fastq/ERR260/ERR260268/ERR260268_1.fastq.gz;ftp.sra.ebi.ac.uk/vol1/fastq/ERR260/ERR260268/ERR260268_2.fastq.gz	ftp.sra.ebi.ac.uk/vol1/run/ERR260/ERR260268/NG-5425_137_1_sequence.fastq.gz;ftp.sra.ebi.ac.uk/vol1/run/ERR260/ERR260268/NG-5425_137_2_sequence.fastq.gz	
ERR260270	PRJEB1786	SAMEA1906428	ERX234858	646099	human metagenome	ftp.sra.ebi.ac.uk/vol1/fastq/ERR260/ERR260270/ERR260270_1.fastq.gz;ftp.sra.ebi.ac.uk/vol1/fastq/ERR260/ERR260270/ERR260270_2.fastq.gz	ftp.sra.ebi.ac.uk/vol1/run/ERR260/ERR260270/NG-5425_286_1_sequence.fastq.gz;ftp.sra.ebi.ac.uk/vol1/run/ERR260/ERR260270/NG-5425_286_2_sequence.fastq.gz	
ERR275251	PRJEB1786	SAMEA1906535	ERX249573	646099	human metagenome	ftp.sra.ebi.ac.uk/vol1/fastq/ERR275/ERR275251/ERR275251_1.fastq.gz;ftp.sra.ebi.ac.uk/vol1/fastq/ERR275/ERR275251/ERR275251_2.fastq.gz	ftp.sra.ebi.ac.uk/vol1/run/ERR275/ERR275251/NG-5636_60_1_sequence.fastq.gz;ftp.sra.ebi.ac.uk/vol1/run/ERR275/ERR275251/NG-5636_60_2_sequence.fastq.gz	
ERR275252	PRJEB1786	SAMEA1906554	ERX249574	646099	human metagenome	ftp.sra.ebi.ac.uk/vol1/fastq/ERR275/ERR275252/ERR275252_1.fastq.gz;ftp.sra.ebi.ac.uk/vol1/fastq/ERR275/ERR275252/ERR275252_2.fastq.gz	ftp.sra.ebi.ac.uk/vol1/run/ERR275/ERR275252/NG-5636_602_1_sequence.fastq.gz;ftp.sra.ebi.ac.uk/vol1/run/ERR275/ERR275252/NG-5636_602_2_sequence.fastq.gz	
